<?xml version="1.0" encoding="UTF-8" standalone="no"?>
<spechtml version="6">
    <location>docs/html</location>
    <title>amiq_apb
API Specification</title>
    <overview-file>README</overview-file>
    <enhance-comments>true</enhance-comments>
    <doc-formatting-type>auto</doc-formatting-type>
    <user-defined-html/>
    <show-external-doc-refs-in-navbar>true</show-external-doc-refs-in-navbar>
    <use-new-html-style>true</use-new-html-style>
    <created-by-user-watermark>false</created-by-user-watermark>
    <clean-location>true</clean-location>
    <open-in-browser>true</open-in-browser>
    <just-project-files>false</just-project-files>
    <public-only>false</public-only>
    <filter-string/>
    <project-nature>vlog</project-nature>
    <export-vlog-package>amiq_apb_pkg</export-vlog-package>
    <export-vlog-packages>true</export-vlog-packages>
    <export-vlog-global-scope>false</export-vlog-global-scope>
    <export-vlog-modules>false</export-vlog-modules>
    <export-vlog-interfaces>true</export-vlog-interfaces>
    <export-vlog-programs>false</export-vlog-programs>
    <export-vlog-macros>true</export-vlog-macros>
    <export-vlog-assertions>true</export-vlog-assertions>
    <export-vlog-covergroups>true</export-vlog-covergroups>
    <hide-vlog-interface-signals>false</hide-vlog-interface-signals>
    <export-vlog-collaboration-diagram>true</export-vlog-collaboration-diagram>
    <export-vlog-inheritance-diagram>true</export-vlog-inheritance-diagram>
    <export-vlog-classes-inheritance-diagram>true</export-vlog-classes-inheritance-diagram>
    <export-vlog-direct-associations-diagram>true</export-vlog-direct-associations-diagram>
    <export-vlog-module-diagram>true</export-vlog-module-diagram>
    <export-vlog-module-diagram-with-ports>true</export-vlog-module-diagram-with-ports>
    <export-vhdl-libraries>true</export-vhdl-libraries>
    <export-vhdl-architecture-flow-diagram>false</export-vhdl-architecture-flow-diagram>
    <export-vhdl-architecture-flow-diagram-with-ports>false</export-vhdl-architecture-flow-diagram-with-ports>
    <export-e-macro>true</export-e-macro>
    <export-e-covergroups>true</export-e-covergroups>
    <export-e-checks>true</export-e-checks>
    <export-e-packages>true</export-e-packages>
    <export-e-collaboration-diagram>false</export-e-collaboration-diagram>
    <export-e-inheritance-diagram>false</export-e-inheritance-diagram>
    <export-e-package-inheritance-diagram>false</export-e-package-inheritance-diagram>
    <export-e-direct-associations-diagram>false</export-e-direct-associations-diagram>
</spechtml>
